{"stats":{"minecraft:picked_up":{"minecraft:rotten_flesh":2,"minecraft:porkchop":1,"minecraft:spruce_log":2,"minecraft:dirt":2},"minecraft:killed_by":{"minecraft:zombie":1},"minecraft:killed":{"minecraft:pig":1},"minecraft:mined":{"minecraft:grass_block":2,"minecraft:ice":1,"minecraft:spruce_log":2},"minecraft:custom":{"minecraft:time_since_rest":9194,"minecraft:crouch_one_cm":378,"minecraft:sprint_one_cm":12298,"minecraft:play_time":32408,"minecraft:damage_taken":245,"minecraft:deaths":1,"minecraft:walk_one_cm":6158,"minecraft:sneak_time":109,"minecraft:mob_kills":2,"minecraft:jump":117,"minecraft:damage_dealt":169,"minecraft:leave_game":2,"minecraft:time_since_death":437,"minecraft:walk_on_water_one_cm":155,"minecraft:total_world_time":32408,"minecraft:fall_one_cm":3106,"minecraft:fly_one_cm":30571}},"DataVersion":2975}