{"stats":{"minecraft:picked_up":{"minecraft:porkchop":1,"minecraft:spruce_log":2,"minecraft:rotten_flesh":2,"minecraft:dirt":2},"minecraft:killed":{"minecraft:pig":1},"minecraft:mined":{"minecraft:ice":1,"minecraft:spruce_log":2,"minecraft:grass_block":2},"minecraft:custom":{"minecraft:jump":113,"minecraft:time_since_rest":5779,"minecraft:crouch_one_cm":378,"minecraft:damage_dealt":169,"minecraft:walk_on_water_one_cm":155,"minecraft:sprint_one_cm":12298,"minecraft:play_time":5779,"minecraft:damage_taken":120,"minecraft:time_since_death":5779,"minecraft:walk_one_cm":5670,"minecraft:sneak_time":109,"minecraft:total_world_time":5779,"minecraft:mob_kills":2,"minecraft:fall_one_cm":3106,"minecraft:fly_one_cm":30370}},"DataVersion":2975}